drugname_clean,total_reports
DUPIXENT,84019
ZEPBOUND,26296
TYMLOS,20762
MOUNJARO,12511
OZEMPIC,11822
VEDOLIZUMAB,11162
SKYRIZI,10666
DEPO-PROVERA,10251
RINVOQ,9529
WEGOVY,9055
LENALIDOMIDE,8556
BIMZELX,8437
INFLIXIMAB,6658
REPATHA,5987
RITUXIMAB,5875
NUPLAZID,5590
PARAGARD T 380A,5560
NEMLUVIO,5306
GENOTROPIN,5044
ORENCIA,4967
REVLIMID,4731
CABOMETYX,4272
ACETAMINOPHEN,4000
SPRAVATO,3971
COSENTYX,3954
TREMFYA,3891
INFLIXIMAB-DYYB,3858
JAKAFI,3806
ACTEMRA,3804
XOLAIR,3733
POMALYST,3726
ADALIMUMAB,3690
KEYTRUDA,3665
FENFLURAMINE,3648
METHOTREXATE,3595
CORTICOTROPIN,3536
LANTUS,3472
HUMIRA,3243
TYVASO DPI,3177
KESIMPTA,3156
DAPAGLIFLOZIN,3101
CARBOPLATIN,3068
TISLELIZUMAB,3054
MYCOPHENOLATE MOFETIL,3005
CREON,2974
FILSPARI,2967
ADAPALENE,2905
CIMZIA,2858
PREDNISONE,2832
XCOPRI,2787
