drugname_clean,side_effect,report_count
DUPIXENT,Pruritus,11933
DEPO-PROVERA,Meningioma,9660
DUPIXENT,Dermatitis atopic,8800
DUPIXENT,Injection site pain,7185
DUPIXENT,Product use in unapproved indication,6165
DUPIXENT,Rash,6039
DUPIXENT,Eczema,5287
DUPIXENT,Dry skin,4956
DUPIXENT,Product dose omission issue,4935
DUPIXENT,Drug ineffective,4438
DUPIXENT,Accidental exposure to product,3996
DUPIXENT,Exposure via skin contact,3980
TYMLOS,Headache,3736
ZEPBOUND,Nausea,3332
DUPIXENT,Dyspnoea,3175
DUPIXENT,Asthma,3067
DUPIXENT,Arthralgia,3016
DUPIXENT,Condition aggravated,2937
DUPIXENT,Inappropriate schedule of product administration,2829
TYMLOS,Nausea,2826
PARAGARD T 380A,Complication of device removal,2771
PARAGARD T 380A,Device breakage,2739
TYMLOS,Dizziness,2697
DUPIXENT,Skin exfoliation,2575
NEMLUVIO,Product dose omission issue,2526
TYMLOS,Fatigue,2420
PARAGARD T 380A,Foreign body in reproductive tract,2319
ZEPBOUND,Incorrect dose administered,2314
PARAGARD T 380A,Complication of device insertion,2277
DUPIXENT,Cough,2235
ZEPBOUND,Drug ineffective,2232
DUPIXENT,Off label use,2180
DUPIXENT,Erythema,2136
DUPIXENT,Therapeutic response shortened,2093
TYMLOS,Product dose omission issue,2092
DUPIXENT,Dry eye,2055
DUPIXENT,Incorrect dose administered,2048
BIMZELX,Product dose omission issue,2008
ZEPBOUND,Diarrhoea,1939
GENOTROPIN,Drug dose omission by device,1922
DUPIXENT,Rash erythematous,1908
DUPIXENT,Sleep disorder due to a general medical condition,1893
TYMLOS,Heart rate increased,1847
DUPIXENT,Injection site swelling,1845
DUPIXENT,Product dose omission in error,1730
ADAPALENE,Drug ineffective,1720
DUPIXENT,Injection site erythema,1666
TYMLOS,Palpitations,1650
TYMLOS,Arthralgia,1592
DUPIXENT,Pain,1538
ZEPBOUND,Vomiting,1482
INFLIXIMAB,Off label use,1473
DUPIXENT,Urticaria,1473
DUPIXENT,Headache,1471
ACOLTREMON,Eye irritation,1468
DUPIXENT,Skin burning sensation,1443
ZEPBOUND,Constipation,1425
VEDOLIZUMAB,Colitis ulcerative,1407
DUPIXENT,Skin fissures,1357
MOUNJARO,Nausea,1351
RITUXIMAB,Off label use,1345
DUPIXENT,Nasopharyngitis,1316
PARAGARD T 380A,Embedded device,1306
OZEMPIC,Off label use,1300
DUPIXENT,Fatigue,1268
TYMLOS,Bone pain,1263
DUPIXENT,Eye pruritus,1255
INFLIXIMAB,Intentional product use issue,1235
NUPLAZID,Hallucination,1234
INFLIXIMAB,Condition aggravated,1225
CABOMETYX,Off label use,1216
PLUVICTO,General physical health deterioration,1204
DUPIXENT,Therapeutic response decreased,1199
LANTUS,Off label use,1189
PARAGARD T 380A,Emotional distress,1163
ZEPBOUND,Extra dose administered,1148
OZEMPIC,Nausea,1148
PARAGARD T 380A,Pain,1145
TREMFYA,Product dose omission issue,1133
TYMLOS,Back pain,1113
TYMLOS,Pain,1081
ORENCIA,Arthralgia,1078
MOUNJARO,Diarrhoea,1076
JAKAFI,Off label use,1071
DUPIXENT,Nasal congestion,1065
DUPIXENT,Illness,1052
GENOTROPIN,Device information output issue,1040
GENOTROPIN,Device mechanical issue,1034
WEGOVY,Nausea,1032
MOUNJARO,Vomiting,1019
ZEPBOUND,Therapeutic response changed,1009
DUPIXENT,Injection site bruising,989
ZEPBOUND,Fatigue,977
VEVYE,Eye irritation,957
MOUNJARO,Incorrect dose administered,945
DAPAGLIFLOZIN,Death,944
GENOTROPIN,Device leakage,943
DUPIXENT,Hypersensitivity,935
VEDOLIZUMAB,Crohn's disease,934
DUPIXENT,Injection site pruritus,932
